Bambino,0,https://www.dotabuff.com/players/60089038
ChowMains,0,https://www.dotabuff.com/players/101960024
Cerys,0,https://www.dotabuff.com/players/83833103
fInesse,0,https://www.dotabuff.com/players/169151968
itachi,0,https://www.dotabuff.com/players/466360314
inkogn!to,0,https://www.dotabuff.com/players/273226888
<Phoenix>,0,https://www.dotabuff.com/players/86152976
grosia,0,https://www.dotabuff.com/players/143785619
emu,0,https://www.dotabuff.com/players/80581900
rsp,0,https://www.dotabuff.com/players/8156078
Wisp Khalifa,0,https://www.dotabuff.com/players/146695102
Dodecagon,0,https://www.dotabuff.com/players/30609110
lutz,0,https://www.dotabuff.com/players/74208069
Leoj,0,https://www.dotabuff.com/players/32990822
Al Clapone,0,https://www.dotabuff.com/players/75768010
Saturn ,0,https://www.dotabuff.com/players/96621761
Ellen Pudge,0,https://www.dotabuff.com/players/76140561
Bury,0,https://www.dotabuff.com/players/15865437
Neku,0,https://www.dotabuff.com/players/120169786
Ash the Toxic,0,https://www.dotabuff.com/players/168657162
Gypsy King,0,https://www.dotabuff.com/players/87431994
Vuvuzela ,0,https://www.dotabuff.com/players/65495278
Danny,0,https://www.dotabuff.com/players/64908677
Jimmy Pesto,0,https://www.dotabuff.com/players/110119494
anbokr,0,https://www.dotabuff.com/players/26595816
AwfulWaffLE,0,https://www.dotabuff.com/players/64041417
Freakinchair,0,https://www.dotabuff.com/players/36849696
BabyJoker,0,https://www.dotabuff.com/players/426842730
Killuas,0,https://www.dotabuff.com/players/66367716
bitrait,0,https://www.dotabuff.com/players/1509257
[PDF] Saltpork,0,https://www.dotabuff.com/players/108686019
Behraam,0,https://www.dotabuff.com/players/47885404
Phantasmal,0,https://www.dotabuff.com/players/24848117
doofgod,0,https://www.dotabuff.com/players/41319577
TenbuHorin10,0,https://www.dotabuff.com/players/45579011
Ridin' heelies,0,https://www.dotabuff.com/players/84060273
Huskie,0,https://www.dotabuff.com/players/438148366
milliard5396,0,https://www.dotabuff.com/players/121893039
Woh?,0,https://www.dotabuff.com/players/152985237
Microsoft Outlook,0,https://www.dotabuff.com/players/192624330
one oh nine,0,https://www.dotabuff.com/players/121187617
pandaPGOD:) ,0,https://www.dotabuff.com/players/164544758
Droziki,0,https://www.dotabuff.com/players/61352619
Old Man Techn1qu3,0,https://www.dotabuff.com/players/129445595
Zen,0,https://www.dotabuff.com/players/140467285
Danny Brown,0,https://www.dotabuff.com/players/167577976
1980-Something Space Guy,0,https://www.dotabuff.com/players/58762087
PatchThomas,0,https://www.dotabuff.com/players/106197309
Hexy,0,https://www.dotabuff.com/players/324320805
Fulcrum,0,https://www.dotabuff.com/players/185710583
Imphatic,0,https://www.dotabuff.com/players/152072189
Bohmasterflex,0,https://www.dotabuff.com/players/33213419
staylin,0,https://www.dotabuff.com/players/63263924
.4leks...,0,https://www.dotabuff.com/players/20413194
gharnef,0,https://www.dotabuff.com/players/60319101
Newbycakes,0,https://www.dotabuff.com/players/24521769
fc,0,https://www.dotabuff.com/players/86770710
bloodninja,0,https://www.dotabuff.com/players/65291924
jabby,0,https://www.dotabuff.com/players/67957458
A Bug,0,https://www.dotabuff.com/players/80097514
Cam,0,https://www.dotabuff.com/players/178434754
Xentavious,0,https://www.dotabuff.com/players/83845896
Effjai,0,https://www.dotabuff.com/players/430764681
n0HANA,0,https://www.dotabuff.com/players/311811891
MidOrChen,0,https://www.dotabuff.com/players/96634411
FlockaMacaaw,0,https://www.dotabuff.com/players/130772801
ButteryGreg,0,https://www.dotabuff.com/players/47669091
Pearberr,0,https://www.dotabuff.com/players/81110788
Joric,0,https://www.dotabuff.com/players/82626476
Halfcast,0,https://www.dotabuff.com/players/314264248
Zoompa,0,https://www.dotabuff.com/players/57011991
Dolly,0,https://www.dotabuff.com/players/83648784
BigAug,0,https://www.dotabuff.com/players/99738135
four zero three,0,https://www.dotabuff.com/players/105154232
E H,0,https://www.dotabuff.com/players/80955316
_-_Oz_-_,0,https://www.dotabuff.com/players/204651259
George,0,https://www.dotabuff.com/players/240889153
MANGO WANGO,0,https://www.dotabuff.com/players/86638311
Tiggles,0,https://www.dotabuff.com/players/140674032
Krenn,0,https://www.dotabuff.com/players/519770
Huntington,0,https://www.dotabuff.com/players/145629222
Forest Bear,0,https://www.dotabuff.com/players/90824784
[RD] Chief-Sage Coco,0,https://www.dotabuff.com/players/137718020
Poxie,0,https://www.dotabuff.com/players/82571190
reckless,0,https://www.dotabuff.com/players/142833570
Soranos,0,https://www.dotabuff.com/players/108895062
jherky,0,https://www.dotabuff.com/players/105025705
}-{ie$ENbeRG,0,https://www.dotabuff.com/players/96109247
madrugada,0,https://www.dotabuff.com/players/87042598
Walrus,0,https://www.dotabuff.com/players/201718160
Diaspora,0,https://www.dotabuff.com/players/57827915
YungBuck,0,https://www.dotabuff.com/players/192389582
Lilith,0,https://www.dotabuff.com/players/69243302
Gracious Papi,0,https://www.dotabuff.com/players/135654550
Free Lunch,0,https://www.dotabuff.com/players/42875801
Blakkout,0,https://www.dotabuff.com/players/9979778
CooKiE,0,https://www.dotabuff.com/players/15272213
Panda,0,https://www.dotabuff.com/players/96421460
Nart√©-,0,https://www.dotabuff.com/players/33840077
FatMan,0,https://www.dotabuff.com/players/213379961
DerpyDots,0,https://www.dotabuff.com/players/158722998
OneWing,0,https://www.dotabuff.com/players/87036049
Kabobrocks,0,https://www.dotabuff.com/players/89104101
ALooseMoose,0,https://www.dotabuff.com/players/83487685
hanmingzyy,0,https://www.dotabuff.com/players/74883563
Mags,0,https://www.dotabuff.com/players/60358050
Scrub,0,https://www.dotabuff.com/players/155595655
M,0,https://www.dotabuff.com/players/191695402
[RD] Ratman,0,https://www.dotabuff.com/players/171871486
Fum6duck,0,https://www.dotabuff.com/players/128842791
Jett,0,https://www.dotabuff.com/players/243315777
Nyxence,0,https://www.dotabuff.com/players/227827793
NO!,0,https://www.dotabuff.com/players/126042590
Predict,0,https://www.dotabuff.com/players/45285344
TanK,0,https://www.dotabuff.com/players/32812879
gotham,0,https://www.dotabuff.com/players/2735264
Avenos,0,https://www.dotabuff.com/players/82406800
Bird,0,https://www.dotabuff.com/players/256655047
TripleRainboW)),0,https://www.dotabuff.com/players/80718533
Pure Child,0,https://www.dotabuff.com/players/81895209
Bjorn,0,https://www.dotabuff.com/players/201058787
cARN-,0,https://www.dotabuff.com/players/173067337
Healthy Snacks,0,https://www.dotabuff.com/players/14099232
Flagon,0,https://www.dotabuff.com/players/17462153
Legion,0,https://www.dotabuff.com/players/123848727
Elidoto2,0,https://www.dotabuff.com/players/904350779
EmeraldPage,0,https://www.dotabuff.com/players/95484339
Snake,0,https://www.dotabuff.com/players/383501446
Dixie-,0,https://www.dotabuff.com/players/101752409
Poncho,0,https://www.dotabuff.com/players/86179205
thrillhouse,0,https://www.dotabuff.com/players/60957712
MosquitoAssassin,0,https://www.dotabuff.com/players/245466604
agile,0,https://www.dotabuff.com/players/3231124
Xshal52,0,https://www.dotabuff.com/players/99592250
zeropoint,0,https://www.dotabuff.com/players/68091008
Mesothelioma,0,https://www.dotabuff.com/players/98981251
M0ckingbird,0,https://www.dotabuff.com/players/149099590
Ana is back,0,https://www.dotabuff.com/players/58351788
Ripley,0,https://www.dotabuff.com/players/70487965
Dr. Darth,0,https://www.dotabuff.com/players/292060232
Kepler,0,https://www.dotabuff.com/players/76374171
Pango Unchained,0,https://www.dotabuff.com/players/85158248
Vort,0,https://www.dotabuff.com/players/193889381
Trishula,0,https://www.dotabuff.com/players/241251731
fierysnake,0,https://www.dotabuff.com/players/40436072
Little Duckie,0,https://www.dotabuff.com/players/185803626
Wicked_SiCK,0,https://www.dotabuff.com/players/118128399
BB.347,0,https://www.dotabuff.com/players/164778266
ChiD,0,https://www.dotabuff.com/players/70666167
Stang,0,https://www.dotabuff.com/players/85455948
Count Scary Mothman,0,https://www.dotabuff.com/players/96006725
Charkhil,0,https://www.dotabuff.com/players/78362704
